{"active_geom":{"lfo_amp":1,"lfo_offset":0.6800000071525574,"lfo_speed":0.239999994635582,"lfo_type1":32},"active_geom_effect":{"lfo_offset":0,"lfo_type1":27,"mix":1},"active_texture":{"path":"movies/active/tripped67.mov"},"active_xray":{"lfo_amp":1,"lfo_offset":0.6000000238418579,"lfo_speed":0.2800000011920929,"lfo_type1":32,"lfo_type2":10,"mix":0.4000000059604645}}

