{"active_geom":{"lfo_amp":1,"lfo_offset":0.6800000071525574,"lfo_speed":0.08300000429153442,"lfo_type1":18},"active_geom_effect":{"lfo_offset":0,"lfo_type1":30,"mix":1},"active_texture":{"path":"movies/active/tripped89.mov"},"active_xray":{"lfo_amp":1,"lfo_offset":0.6000000238418579,"lfo_speed":0.2800000011920929,"lfo_type1":30,"lfo_type2":17,"mix":0.4000000059604645}}

