{"idle_geom":{"lfo_amp":0.1175932809710503,"lfo_offset":0.373538613319397,"lfo_speed":0.06408742815256119,"lfo_type1":17},"idle_geom_effect":{"lfo_offset":0.670635998249054,"lfo_type1":5,"mix":0.3905011117458344},"idle_texture":{"path":"movies/idle/tripped107.mov"},"idle_xray":{"lfo_amp":0.6774529814720154,"lfo_offset":0.5996153950691223,"lfo_speed":0.7372331023216248,"lfo_type1":29,"lfo_type2":7,"mix":0.3798773586750031}}

