{"idle_geom":{"lfo_amp":1,"lfo_offset":0.3811793625354767,"lfo_speed":0.0300000011920929,"lfo_type1":22},"idle_geom_effect":{"lfo_offset":0,"lfo_type1":9,"mix":1},"idle_texture":{"path":"movies/idle/tripped87.mov"},"idle_xray":{"lfo_amp":0,"lfo_offset":0.2899250984191895,"lfo_speed":0.0430000014603138,"lfo_type1":12,"lfo_type2":27,"mix":1}}

