{"idle_geom":{"lfo_amp":0.9598885178565979,"lfo_offset":0.9003859758377075,"lfo_speed":0.7891924977302551,"lfo_type1":0},"idle_geom_effect":{"lfo_offset":0.6488602161407471,"lfo_type1":1,"mix":0.8481897115707397},"idle_texture":{"path":"movies/idle/tripped112.mov"},"idle_xray":{"lfo_amp":0.760796844959259,"lfo_offset":0.2820083498954773,"lfo_speed":0.7146283984184265,"lfo_type1":23,"lfo_type2":33,"mix":0.3941977024078369}}

