{"idle_geom":{"lfo_amp":0.4099500775337219,"lfo_offset":0.3128780424594879,"lfo_speed":0.5417628884315491,"lfo_type1":17},"idle_geom_effect":{"lfo_offset":0.40764120221138,"lfo_type1":17,"mix":0.03213809430599213},"idle_texture":{"path":"movies/idle/tripped107.mov"},"idle_xray":{"lfo_amp":0.2555774450302124,"lfo_offset":0.5662294030189514,"lfo_speed":0.6188644170761108,"lfo_type1":22,"lfo_type2":29,"mix":0.22678442299366}}

