{"idle_geom":{"lfo_amp":0.5482242703437805,"lfo_offset":0.3811793625354767,"lfo_speed":0.4826290905475616,"lfo_type1":2},"idle_geom_effect":{"lfo_offset":0.21778604388237,"lfo_type1":6,"mix":0.00584032479673624},"idle_texture":{"path":"movies/idle/tripped107.mov"},"idle_xray":{"lfo_amp":0.7710000276565552,"lfo_offset":0.2899250984191895,"lfo_speed":0.4800000190734863,"lfo_type1":22,"lfo_type2":27,"mix":1}}

