{"idle_geom":{"lfo_amp":0.5482242703437805,"lfo_offset":0.3811793625354767,"lfo_speed":0.4826290905475616,"lfo_type1":3},"idle_geom_effect":{"lfo_offset":0.21778604388237,"lfo_type1":2,"mix":0.00584032479673624},"idle_texture":{"path":"movies/idle/tripped87.mov"},"idle_xray":{"lfo_amp":0,"lfo_offset":0.2899250984191895,"lfo_speed":0.0430000014603138,"lfo_type1":12,"lfo_type2":0,"mix":1}}

