{"idle_geom":{"lfo_amp":1,"lfo_offset":0.6800000071525574,"lfo_speed":0.0430000014603138,"lfo_type1":28},"idle_geom_effect":{"lfo_offset":1,"lfo_type1":33,"mix":1},"idle_texture":{"path":"movies/idle/tripped112.mov"},"idle_xray":{"lfo_amp":1,"lfo_offset":0.8400000333786011,"lfo_speed":0.06700000166893005,"lfo_type1":5,"lfo_type2":5,"mix":1}}

