{"idle_geom":{"lfo_amp":1,"lfo_offset":0.6800000071525574,"lfo_speed":0.06700000166893005,"lfo_type1":3},"idle_geom_effect":{"lfo_offset":0,"lfo_type1":10,"mix":1},"idle_texture":{"path":"movies/idle/tripped97.mov"},"idle_xray":{"lfo_amp":1,"lfo_offset":0.6000000238418579,"lfo_speed":0.05500000342726707,"lfo_type1":32,"lfo_type2":32,"mix":0.4000000059604645}}

