{"idle_geom":{"lfo_amp":1,"lfo_offset":0.8504602313041687,"lfo_speed":0.0430000014603138,"lfo_type1":23},"idle_geom_effect":{"lfo_offset":0.7071641683578491,"lfo_type1":33,"mix":0.1998832076787949},"idle_texture":{"path":"movies/idle/tripped133.mov"},"idle_xray":{"lfo_amp":0.8732200860977173,"lfo_offset":0.07443962246179581,"lfo_speed":0.1068526804447174,"lfo_type1":13,"lfo_type2":32,"mix":0.3094587922096252}}

